{
  "bolusiob": 0.02382929066666666, 
  "iob": 1.095096076916701, 
  "activity": 0.02343467336860671
}