{
  "bolusiob": 0, 
  "iob": 0.7303553770766666, 
  "activity": 0.01962028218694885
}