{
  "bolusiob": 0, 
  "iob": 0.2195519979392223, 
  "activity": 0.005172751199294531
}