{
  "bolusiob": 0, 
  "iob": 1.0961225094056233, 
  "activity": 0.012042672945326276
}