{
  "bolusiob": 0, 
  "iob": -0.2707938657283333, 
  "activity": -0.004954673721340388
}