{
  "bolusiob": 0, 
  "iob": 1.319369223077199, 
  "activity": 0.023100618271604943
}