{
  "bolusiob": 0, 
  "iob": 0.04723159762500001, 
  "activity": 0.0012579365079365078
}