{
  "bolusiob": 0, 
  "iob": 0.7208836372200189, 
  "activity": 0.007918597865961196
}