{
  "bolusiob": 0, 
  "iob": 0.5594753344563561, 
  "activity": 0.028721692857142853
}