{
  "bolusiob": 0.07191189333333314, 
  "iob": 2.8298137078542527, 
  "activity": 0.04615149922398588
}