{
  "bolusiob": 0, 
  "iob": -0.15517402896313892, 
  "activity": 0.0035943998236331555
}