{
  "bolusiob": 0, 
  "iob": 1.351345477813038, 
  "activity": 0.024733475414462074
}