{
  "bolusiob": 0, 
  "iob": 0.07881307619949818, 
  "activity": 0.0026266753968253965
}