{
  "bolusiob": 3.5326796195555557, 
  "iob": 4.3826345171166885, 
  "activity": 0.018361438994708993
}