{
  "bolusiob": 0, 
  "iob": 0.5023848413477968, 
  "activity": 0.009005899453262784
}