{
  "bolusiob": 0.1425442174666667, 
  "iob": 1.6192803653022223, 
  "activity": 0.020958024691358
}