{
  "bolusiob": 0, 
  "iob": 0.4802497708014791, 
  "activity": 0.005995211640211638
}