{
  "bolusiob": 0, 
  "iob": 0.37205765647382605, 
  "activity": 0.007776451781305114
}