{
  "bolusiob": 0, 
  "iob": 1.5439380254838142, 
  "activity": 0.01611065176366843
}