{
  "bolusiob": 0, 
  "iob": -0.33850248768, 
  "activity": -0.0008399999999999999
}