{
  "bolusiob": 0, 
  "iob": 0.39115147382666865, 
  "activity": 0.007108712627865961
}