{
  "bolusiob": 0.8968398442666672, 
  "iob": 4.166010869794261, 
  "activity": 0.05688625617283947
}