{
  "bolusiob": 0, 
  "iob": 1.048499516998587, 
  "activity": 0.003378624444444444
}