{
  "bolusiob": 5.0222652822222225, 
  "iob": 6.138470446497151, 
  "activity": 0.030695087813051136
}