{
  "bolusiob": 0, 
  "iob": 2.121527006443334, 
  "activity": 0.022561816578483267
}