{
  "bolusiob": 0, 
  "iob": 0.5552970234105555, 
  "activity": 0.006268915343915342
}