{
  "bolusiob": 0.6052455016666659, 
  "iob": 3.86619831580119, 
  "activity": 0.060542612786596145
}