{
  "bolusiob": 0, 
  "iob": 1.796629885417697, 
  "activity": 0.041393726825396826
}