{
  "bolusiob": 0, 
  "iob": -0.34139851891133344, 
  "activity": -0.006746578483245149
}