{
  "bolusiob": 0, 
  "iob": 0.3603422549600001, 
  "activity": 0.018055026455026452
}