{
  "bolusiob": 0, 
  "iob": 0.8663771756589175, 
  "activity": 0.013973889470899472
}