{
  "bolusiob": 0, 
  "iob": 1.1738661548583338, 
  "activity": 0.03250418871252204
}