{
  "bolusiob": 0, 
  "iob": 0.21323584994047687, 
  "activity": 0.008221551851851852
}