{
  "bolusiob": 0, 
  "iob": 0.3546796224232912, 
  "activity": 0.0003171402998236326
}