{
  "bolusiob": 0, 
  "iob": 0.7393405420888889, 
  "activity": 0.017137142857142858
}