{
  "bolusiob": 0, 
  "iob": -0.4471689974768889, 
  "activity": -0.006211869488536154
}