{
  "bolusiob": 0, 
  "iob": -0.1727057528002327, 
  "activity": -0.001358034197530864
}