{
  "bolusiob": 0, 
  "iob": 0.3596466073200003, 
  "activity": 0.01753015873015873
}