{
  "bolusiob": 0.7989084888177778, 
  "iob": 2.538159272677926, 
  "activity": 0.02232501756613757
}