{
  "bolusiob": 0, 
  "iob": 1.6624435652731215, 
  "activity": 0.03353136719576717
}