{
  "bolusiob": 0, 
  "iob": 1.4577105221829665, 
  "activity": 0.014244514620811286
}