{
  "bolusiob": 0.03724433856000003, 
  "iob": 1.9959054449097784, 
  "activity": 0.03469246913580244
}