{
  "bolusiob": 0, 
  "iob": 1.611869191653473, 
  "activity": 0.016478623544973543
}