{
  "bolusiob": 0.008686979253332795, 
  "iob": 1.9690045701200003, 
  "activity": 0.044092063492063495
}