{
  "bolusiob": 0, 
  "iob": 0.042487067596111046, 
  "activity": 0.008554999999999997
}