{
  "bolusiob": 0, 
  "iob": 0.05888360034500001, 
  "activity": 0.0014013227513227512
}