{
  "bolusiob": 0, 
  "iob": 0.1220785592011112, 
  "activity": 0.010883668430335097
}