{
  "bolusiob": 0, 
  "iob": -0.5902602362793044, 
  "activity": -0.004747522945326279
}