{
  "bolusiob": 0, 
  "iob": 0.819371742084726, 
  "activity": 0.014754003121693119
}