{
  "bolusiob": 0, 
  "iob": 0.26529526194222225, 
  "activity": 0.006509435626102292
}