{
  "bolusiob": 0, 
  "iob": 0.6978102058666668, 
  "activity": 0.02367901234567901
}