{
  "bolusiob": 5.259309799822223, 
  "iob": 6.29522901611577, 
  "activity": 0.0291416488712522
}