{
  "bolusiob": 0, 
  "iob": 0.28102124834093795, 
  "activity": 0.013172468871252207
}