{
  "bolusiob": 0, 
  "iob": 0.984514009581, 
  "activity": 0.015309964585537917
}