{
  "bolusiob": 0, 
  "iob": 1.4190622338844445, 
  "activity": 0.03430765432098764
}