{
  "bolusiob": 1.6178232617777777, 
  "iob": 2.778800480533333, 
  "activity": 0.016833333333333318
}