{
  "bolusiob": 3.5431174631111113, 
  "iob": 4.120968350010695, 
  "activity": 0.013904012345679012
}