{
  "bolusiob": 0, 
  "iob": -0.5709067244029932, 
  "activity": -0.005192179029982363
}