{
  "bolusiob": 0, 
  "iob": 0.5808391719372223, 
  "activity": 0.007360679012345678
}