{
  "bolusiob": 0, 
  "iob": 0.0566187401242558, 
  "activity": 0.0008206346560846556
}