{
  "bolusiob": 0.9163938641244446, 
  "iob": 1.049511370697778, 
  "activity": 0.0036693827160493822
}