{
  "bolusiob": 0, 
  "iob": 2.0033857474800003, 
  "activity": 0.047869841269841264
}