{
  "bolusiob": 0.18573227399999978, 
  "iob": 2.052087120956447, 
  "activity": 0.04291345652557317
}