{
  "bolusiob": 0, 
  "iob": -0.234857627145, 
  "activity": -0.004758677248677247
}