{
  "bolusiob": 0, 
  "iob": 0.8008017487160165, 
  "activity": 0.002934410158730159
}