{
  "bolusiob": 2.5344990573066672, 
  "iob": 5.176016281271112, 
  "activity": 0.041134320987654314
}