{
  "bolusiob": 0, 
  "iob": 0.9904062879458244, 
  "activity": 0.0384291090828924
}