{
  "bolusiob": 0, 
  "iob": 0.9818258864138851, 
  "activity": 0.010139815555555555
}