{
  "bolusiob": 0, 
  "iob": 0.2592547318300938, 
  "activity": 0.005502927248677248
}