{
  "bolusiob": 0, 
  "iob": 0.23441320252888892, 
  "activity": 0.012989347442680772
}