{
  "bolusiob": 0.6154109696000001, 
  "iob": 3.3312280826726792, 
  "activity": 0.03972976264550265
}