{
  "bolusiob": 0, 
  "iob": 0.7173469157808715, 
  "activity": 0.012278059911816583
}