{
  "bolusiob": 0, 
  "iob": 1.3434362794247228, 
  "activity": 0.037340555555555564
}