{
  "bolusiob": 0, 
  "iob": 1.0172783961718614, 
  "activity": 0.02098022045855379
}