{
  "bolusiob": 0, 
  "iob": 0.923378432764912, 
  "activity": 0.01186469065255732
}