{
  "bolusiob": 0.2806887019200003, 
  "iob": 2.773151356672917, 
  "activity": 0.04641196649029982
}