{
  "bolusiob": 0, 
  "iob": -0.36176144921744446, 
  "activity": -0.005082574955908287
}