{
  "bolusiob": 0, 
  "iob": 0.9937344853333326, 
  "activity": 0.010749559082892409
}