{
  "bolusiob": 0, 
  "iob": 0.3251482327631959, 
  "activity": 0.009596781128747796
}