{
  "bolusiob": 0.30996170496000003, 
  "iob": 2.2879605206063367, 
  "activity": 0.032186480952380934
}