{
  "bolusiob": 0, 
  "iob": 0.9877069623586768, 
  "activity": 0.010688536895943561
}