{
  "bolusiob": 0, 
  "iob": 0.6084245317820093, 
  "activity": 0.011923139276895945
}