{
  "bolusiob": 0, 
  "iob": 0.2474638651, 
  "activity": 0.006431216931216931
}