{
  "bolusiob": 0, 
  "iob": 0.49728844880327006, 
  "activity": 0.009664876895943557
}