{
  "bolusiob": 0.07528026293333268, 
  "iob": 2.890025169168667, 
  "activity": 0.06104522045855378
}