{
  "bolusiob": 0, 
  "iob": 1.969864830869205, 
  "activity": 0.022397839065255706
}