{
  "bolusiob": 0, 
  "iob": 0.01808705289333332, 
  "activity": 0.001305643738977072
}