{
  "bolusiob": 0, 
  "iob": 1.0927490358075993, 
  "activity": 0.0248648243738977
}