{
  "bolusiob": -0.0009416550399997447, 
  "iob": 2.0161546182400003, 
  "activity": 0.04654391534391534
}