{
  "bolusiob": 0, 
  "iob": 0.6030523296044435, 
  "activity": 0.007473836084656084
}