{
  "bolusiob": 1.5715542044444444, 
  "iob": 3.877624230955516, 
  "activity": 0.029565741481481462
}