{
  "bolusiob": 1.9174717521777778, 
  "iob": 4.235538782274445, 
  "activity": 0.023931922398589055
}