{
  "bolusiob": 0, 
  "iob": 0.0780177995137456, 
  "activity": 0.006249628835978835
}