{
  "bolusiob": 0, 
  "iob": 0.4863370726125032, 
  "activity": 0.008829081146384478
}