{
  "bolusiob": 0.1730341044133338, 
  "iob": 2.531607814936667, 
  "activity": 0.05390493827160494
}