{
  "bolusiob": 0, 
  "iob": 0.44676560762651535, 
  "activity": 0.008406484938271602
}