{
  "bolusiob": 0, 
  "iob": 0.6684497963446385, 
  "activity": 0.011238246931216925
}