{
  "bolusiob": 0, 
  "iob": 0.444959324734257, 
  "activity": 0.006937927689594355
}