{
  "bolusiob": 0, 
  "iob": 0.9914539916317788, 
  "activity": 0.012259819400352732
}