{
  "bolusiob": 0, 
  "iob": 1.5329202827127828, 
  "activity": 0.015413579453262783
}