{
  "bolusiob": 0, 
  "iob": -0.6692480728470642, 
  "activity": -0.0013717204761904765
}