{
  "bolusiob": 0.12398552675999998, 
  "iob": 2.533147170165095, 
  "activity": 0.03202419793650794
}