{
  "bolusiob": 0, 
  "iob": -0.08085817255333337, 
  "activity": -0.0026987654320987657
}