{
  "bolusiob": 0.06711864160000008, 
  "iob": 1.451011622838888, 
  "activity": 0.018009347442680762
}