{
  "bolusiob": 0, 
  "iob": 0.08886712780500003, 
  "activity": 0.003636772486772487
}