{
  "bolusiob": 0, 
  "iob": -0.33060199104385396, 
  "activity": -0.0011843213580246912
}