{
  "bolusiob": 0, 
  "iob": 0.39803005872708347, 
  "activity": 0.006535123456790122
}