{
  "bolusiob": 0, 
  "iob": -0.5194047610424444, 
  "activity": 0.0024254497354497247
}