{
  "bolusiob": 0, 
  "iob": 0.6269357249720052, 
  "activity": 0.025085257936507933
}