{
  "bolusiob": 1.56281035904, 
  "iob": 2.7656694397833337, 
  "activity": 0.016968395061728384
}