{
  "bolusiob": 0, 
  "iob": 1.5046875459447786, 
  "activity": 0.030427019400352723
}