{
  "bolusiob": 0, 
  "iob": 0.1578404703865608, 
  "activity": 0.005098852821869487
}