{
  "bolusiob": 0, 
  "iob": 5.887093333328819e-06, 
  "activity": 2.680776014109352e-05
}