{
  "bolusiob": 0, 
  "iob": 2.168856764249625, 
  "activity": 0.055678112610229265
}