{
  "bolusiob": 3.0553457676799995, 
  "iob": 3.6959835813233326, 
  "activity": 0.013824056437389768
}