{
  "bolusiob": 0, 
  "iob": 0.5518432527301504, 
  "activity": 0.011561093209876543
}