{
  "bolusiob": 0.7032286036533334, 
  "iob": 2.362050633966289, 
  "activity": 0.01573086455026454
}