{
  "bolusiob": 0, 
  "iob": 0.68890722376, 
  "activity": 0.0011459259259259257
}