{
  "bolusiob": 0.8661397795555555, 
  "iob": 2.5055132944177783, 
  "activity": 0.03174543209876542
}