{
  "bolusiob": 0, 
  "iob": -0.31697169894466676, 
  "activity": -0.006867389770723105
}