{
  "bolusiob": 0, 
  "iob": 1.2168527874847779, 
  "activity": 0.024001957671957667
}