{
  "bolusiob": 0, 
  "iob": 0.976086392391659, 
  "activity": 0.02388311266313932
}