{
  "bolusiob": 0, 
  "iob": 0.5721725076505555, 
  "activity": 0.006576940035273369
}