{
  "bolusiob": 0.06410834999999997, 
  "iob": 2.1492975921922226, 
  "activity": 0.023594885361552007
}