{
  "bolusiob": 0, 
  "iob": 0.22564045672500005, 
  "activity": 0.006146825396825396
}