{
  "bolusiob": 0, 
  "iob": 0.9617788042432046, 
  "activity": 0.015155819964726635
}