{
  "bolusiob": 0, 
  "iob": 0.2704151611000001, 
  "activity": 0.006716931216931217
}