{
  "bolusiob": 0, 
  "iob": 0.20165523672222227, 
  "activity": -0.002226719576719576
}