{
  "bolusiob": 0, 
  "iob": 0.020802966284851364, 
  "activity": 0.0013917986772486767
}