{
  "bolusiob": 0, 
  "iob": -0.4757451203038334, 
  "activity": -0.003095537918871252
}