{
  "bolusiob": 0, 
  "iob": -0.5163109632372048, 
  "activity": -0.00433924135802469
}