{
  "bolusiob": 0, 
  "iob": 0.16232613264833304, 
  "activity": 0.013608553791887124
}