{
  "bolusiob": 0, 
  "iob": -0.05491482486313891, 
  "activity": 0.0035646031746031743
}