{
  "bolusiob": 0, 
  "iob": 1.4763338351630553, 
  "activity": 0.023348710141093472
}