{
  "bolusiob": 1.7894637230933332, 
  "iob": 5.4855325184778465, 
  "activity": 0.05349818742504407
}