{
  "bolusiob": 0, 
  "iob": 2.1010867617667346, 
  "activity": 0.03890737275132274
}