{
  "bolusiob": 0, 
  "iob": 0.32539989146690995, 
  "activity": 0.004557416349206349
}