{
  "bolusiob": 0, 
  "iob": 0.5590901993704167, 
  "activity": 0.007107416225749557
}