{
  "bolusiob": 0, 
  "iob": 1.5815959461777782, 
  "activity": 0.036200740740740735
}