{
  "bolusiob": 0, 
  "iob": -0.3045222691562219, 
  "activity": -0.003916745679012345
}