{
  "bolusiob": 0, 
  "iob": 0.5876566816315276, 
  "activity": 0.0071193033509700165
}