{
  "bolusiob": 0, 
  "iob": 1.914306405362003, 
  "activity": 0.020681683862433853
}