{
  "bolusiob": 0, 
  "iob": -0.330404336346439, 
  "activity": -0.004571100229276896
}