{
  "bolusiob": 1.2667348046577778, 
  "iob": 2.4542568112711107, 
  "activity": 0.018756049382716043
}