{
  "bolusiob": 0, 
  "iob": 0.6392042697666668, 
  "activity": 0.004598148148148148
}