{
  "bolusiob": 0, 
  "iob": 0.4085615429901144, 
  "activity": 0.008056178765432099
}