{
  "bolusiob": 0, 
  "iob": 2.0025920135688895, 
  "activity": 0.024115943562610227
}