{
  "bolusiob": 0, 
  "iob": 0.87873716948, 
  "activity": 0.0018355555555555553
}