{
  "bolusiob": 0, 
  "iob": 0.47008927777370146, 
  "activity": 0.007066393298059963
}