{
  "bolusiob": 0, 
  "iob": -0.3802067821352223, 
  "activity": -0.005109488536155202
}