{
  "bolusiob": 0, 
  "iob": 1.0011050507621335, 
  "activity": 0.012955539188712523
}