{
  "bolusiob": 0, 
  "iob": 0.04593347969999998, 
  "activity": 0.0024021164021164007
}