{
  "bolusiob": 0, 
  "iob": 1.0096571838666668, 
  "activity": 0.016438271604938264
}