{
  "bolusiob": 0, 
  "iob": 0.49572799160000003, 
  "activity": 0.0005666666666666666
}