{
  "bolusiob": 0, 
  "iob": 0.4502188690875637, 
  "activity": 0.008549808007054672
}