{
  "bolusiob": 0, 
  "iob": 0.2531056073527025, 
  "activity": 0.006644796331569664
}