{
  "bolusiob": 0, 
  "iob": -0.4910793822688334, 
  "activity": -0.002739347442680776
}