{
  "bolusiob": 1.6578406851377778, 
  "iob": 2.839459044373333, 
  "activity": 0.016726666666666674
}