{
  "bolusiob": 0.9972248921600003, 
  "iob": 3.0616541534456947, 
  "activity": 0.03394900352733686
}