{
  "bolusiob": 0, 
  "iob": -0.15500328150697346, 
  "activity": 0.004267547601410936
}