{
  "bolusiob": 0, 
  "iob": -0.19237920589689125, 
  "activity": 0.001958200952380952
}