{
  "bolusiob": 1.6497275483333336, 
  "iob": 4.710059956487741, 
  "activity": 0.04940656862433864
}