{
  "bolusiob": 0, 
  "iob": 1.595467107057778, 
  "activity": 0.04537530864197531
}