{
  "bolusiob": 0, 
  "iob": -0.3939539438485556, 
  "activity": -0.006493368606701938
}