{
  "bolusiob": 0, 
  "iob": 1.4861534818238427, 
  "activity": 0.028182346666666656
}