{
  "bolusiob": 0, 
  "iob": -0.26601228565953516, 
  "activity": -0.004404902645502646
}