{
  "bolusiob": 1.570920920946667, 
  "iob": 3.310718773494444, 
  "activity": 0.025495132275132264
}