{
  "bolusiob": 0, 
  "iob": 0.376620791755, 
  "activity": 0.00533827160493827
}