{
  "bolusiob": 0, 
  "iob": 0.2376085161229942, 
  "activity": 0.006579948906525572
}