{
  "bolusiob": 0.059415585706666496, 
  "iob": 3.0243019799402573, 
  "activity": 0.07259768924162263
}