{
  "bolusiob": 0, 
  "iob": 1.02189376284209, 
  "activity": 0.011230190758377423
}