{
  "bolusiob": 0, 
  "iob": 0.26578640134152776, 
  "activity": 0.006316410934744266
}