{
  "bolusiob": 1.8481000236666665, 
  "iob": 3.4041205622944437, 
  "activity": 0.023194179894179885
}