{
  "bolusiob": 0, 
  "iob": 0.5972436233128052, 
  "activity": 0.0049294072310405584
}