{
  "bolusiob": 0, 
  "iob": 0.9436317811451944, 
  "activity": 0.020069356261022925
}