{
  "bolusiob": 0, 
  "iob": 0.6715014366666667, 
  "activity": 0.0037962962962962954
}