{
  "bolusiob": 0, 
  "iob": 1.1228521479847224, 
  "activity": 0.03421981481481481
}