{
  "bolusiob": 1.1228117684622223, 
  "iob": 2.7976899959822217, 
  "activity": 0.03405657848324515
}