{
  "bolusiob": 0, 
  "iob": 1.309434377033889, 
  "activity": 0.035028421516754844
}