{
  "bolusiob": 0, 
  "iob": -0.5282827904444698, 
  "activity": 0.0006835617107583785
}