{
  "bolusiob": 0, 
  "iob": 1.5351021274908667, 
  "activity": 0.014661498536155206
}