{
  "bolusiob": 0.24021438350666677, 
  "iob": 2.612459251848367, 
  "activity": 0.02888425061728395
}