{
  "bolusiob": 0, 
  "iob": -0.3112929511361111, 
  "activity": -0.0005072663139329804
}