{
  "bolusiob": 0, 
  "iob": -0.2885238457217111, 
  "activity": -0.005010723104056436
}