{
  "bolusiob": 0, 
  "iob": 1.2733693731397124, 
  "activity": 0.020975803456790124
}