{
  "bolusiob": 0.028477137919999763, 
  "iob": 2.0475755762022225, 
  "activity": 0.04969790123456789
}