{
  "bolusiob": 0, 
  "iob": 0.5450896074593057, 
  "activity": 0.007154506172839506
}