{
  "bolusiob": 0, 
  "iob": 1.336661674507602, 
  "activity": 0.017948202169312172
}