{
  "bolusiob": 0, 
  "iob": 0.6809383575090033, 
  "activity": 0.011184222398589065
}