{
  "bolusiob": 0, 
  "iob": -0.5047204579145694, 
  "activity": -0.00039347479717813144
}