{
  "bolusiob": 0.7044666382266667, 
  "iob": 2.6854844359261114, 
  "activity": 0.020046234567901226
}