{
  "bolusiob": 0, 
  "iob": 1.8061235378504565, 
  "activity": 0.02885396005291004
}