{
  "bolusiob": 0, 
  "iob": -0.29448546532461073, 
  "activity": -0.004249858553791887
}