{
  "bolusiob": 0, 
  "iob": -0.34245283169855556, 
  "activity": -0.006991093474426808
}