{
  "bolusiob": 0.003250805066666418, 
  "iob": 2.337295786167106, 
  "activity": 0.042828879664902994
}