{
  "bolusiob": 0, 
  "iob": 0.3014622043305652, 
  "activity": 0.0072353970017636675
}