{
  "bolusiob": 0, 
  "iob": 1.4934249685209509, 
  "activity": 0.020792700617283937
}