{
  "bolusiob": 0.47369788499999965, 
  "iob": 2.9043570162915824, 
  "activity": 0.043764726719576715
}