{
  "bolusiob": 1.193252337777778, 
  "iob": 3.6980728166625156, 
  "activity": 0.03404450691358023
}