{
  "bolusiob": 0, 
  "iob": 1.141715891925845, 
  "activity": 0.006837637037037037
}