{
  "bolusiob": 0, 
  "iob": 1.2513132776025357, 
  "activity": 0.025125758606701937
}