{
  "bolusiob": 0, 
  "iob": -0.07002093055549996, 
  "activity": 0.0030490652557319223
}