{
  "bolusiob": 0, 
  "iob": -0.3532194945863252, 
  "activity": -0.004463091375661374
}