{
  "bolusiob": 0, 
  "iob": 1.6062129416799997, 
  "activity": 0.03159259259259258
}