{
  "bolusiob": 0, 
  "iob": 1.9887130619599676, 
  "activity": 0.033012619664902994
}