{
  "bolusiob": 0.1902199016666662, 
  "iob": 3.0609299733414357, 
  "activity": 0.06639566372134037
}