{
  "bolusiob": 0, 
  "iob": 0.05104896148222222, 
  "activity": -0.0019319576719576716
}