{
  "bolusiob": 0, 
  "iob": 0.49617185760370136, 
  "activity": 0.007160361552028218
}