{
  "bolusiob": 0, 
  "iob": 2.0843167040683337, 
  "activity": 0.023348747795414487
}