{
  "bolusiob": 0, 
  "iob": 1.7081620428796942, 
  "activity": 0.037071860141093455
}