{
  "bolusiob": 0.39966249152, 
  "iob": 0.39985265488000005, 
  "activity": 5.0370370370370366e-05
}