{
  "bolusiob": 0, 
  "iob": 1.0387026493285874, 
  "activity": 0.010428650564373896
}