{
  "bolusiob": 0, 
  "iob": 0.3997354127666667, 
  "activity": 0.00764010582010582
}