{
  "bolusiob": 0, 
  "iob": 1.1527498379533336, 
  "activity": 0.0391283950617284
}