{
  "bolusiob": 0, 
  "iob": 1.3913695043228245, 
  "activity": 0.045193571164021173
}