{
  "bolusiob": 0, 
  "iob": 2.012412973709445, 
  "activity": 0.05031106701940034
}