{
  "bolusiob": 0, 
  "iob": 1.4470483280208266, 
  "activity": 0.017835819488536134
}