{
  "bolusiob": 0, 
  "iob": 0.5433202053970173, 
  "activity": 0.008483306878306876
}