{
  "bolusiob": 0, 
  "iob": 1.0002879409883756, 
  "activity": 0.009906728641975308
}