{
  "bolusiob": 0.4184439935200001, 
  "iob": 2.1127158589786674, 
  "activity": 0.01921901234567902
}