{
  "bolusiob": 2.655954564266667, 
  "iob": 5.190290807849265, 
  "activity": 0.042805959894179894
}