{
  "bolusiob": 0, 
  "iob": 0.7990996873200001, 
  "activity": 0.02564444444444444
}