{
  "bolusiob": 0, 
  "iob": -0.10132900674168406, 
  "activity": 0.005450651975308641
}