{
  "bolusiob": 0, 
  "iob": 2.0204980213775676, 
  "activity": 0.03124810467372134
}