{
  "bolusiob": 0, 
  "iob": -0.08273005564383334, 
  "activity": 0.002514673721340387
}