{
  "bolusiob": 4.082134381564444, 
  "iob": 3.876500347354444, 
  "activity": -0.00265679012345679
}