{
  "bolusiob": 0, 
  "iob": -0.3251445281955111, 
  "activity": -0.005050440917107583
}