{
  "bolusiob": 0, 
  "iob": 1.4229776968477261, 
  "activity": 0.019846310917107573
}