{
  "bolusiob": 1.4170426574044444, 
  "iob": 2.741805519226667, 
  "activity": 0.017307407407407407
}