{
  "bolusiob": 0, 
  "iob": 1.7642333550400002, 
  "activity": 0.043623280423280425
}