{
  "bolusiob": 0, 
  "iob": 0.1608151033296184, 
  "activity": 0.01455771569664902
}