{
  "bolusiob": 0, 
  "iob": 1.2598037460308777, 
  "activity": 0.015818165167548495
}