{
  "bolusiob": 0, 
  "iob": 0.2960746440611678, 
  "activity": 0.01606045828924161
}