{
  "bolusiob": 0, 
  "iob": 0.010516611450808034, 
  "activity": 0.0009903877425044088
}