{
  "bolusiob": 0, 
  "iob": 1.2036810527753263, 
  "activity": 0.018337875767195765
}