{
  "bolusiob": 0, 
  "iob": 1.1837954309361618, 
  "activity": 0.006888492345678995
}