{
  "bolusiob": 0, 
  "iob": 0.6209294745666667, 
  "activity": 0.004998148148148149
}