{
  "bolusiob": 0.9554049392177777, 
  "iob": 2.727210792272778, 
  "activity": 0.018340555555555544
}