{
  "bolusiob": 0, 
  "iob": 1.9097603551886462, 
  "activity": 0.02806803791887123
}