{
  "bolusiob": 0, 
  "iob": 0.1077704930715278, 
  "activity": 0.005735440917107583
}