{"iob":0.51172010428,"activity":0.011209523809523808,"bolusiob":0.0056676611199998565}
