{
  "bolusiob": 0, 
  "iob": 0.5618032453212454, 
  "activity": 0.004400141710758375
}