{
  "bolusiob": 0, 
  "iob": 1.6064264806666664, 
  "activity": 0.029766948853615503
}