{
  "bolusiob": 3.658327370524445, 
  "iob": 4.1477526277990275, 
  "activity": 0.01267152557319224
}