{
  "bolusiob": -0.0010005873599994608, 
  "iob": 2.492119615651019, 
  "activity": 0.06690114603174598
}