{
  "bolusiob": 0.5338046155377778, 
  "iob": 2.0107352459999346, 
  "activity": 0.02616376548500881
}