{
  "bolusiob": 0, 
  "iob": 0.5772952011025904, 
  "activity": 0.007592089947089947
}