{
  "bolusiob": 0, 
  "iob": 1.2959794299098466, 
  "activity": 0.028215997336860664
}