{
  "bolusiob": 0, 
  "iob": -0.12372087861111114, 
  "activity": -0.0022623456790123453
}