{
  "bolusiob": 0, 
  "iob": 0.7476896834380137, 
  "activity": 0.00691879216931217
}