{
  "bolusiob": 0, 
  "iob": 0.34562708360000005, 
  "activity": 0.007482063492063492
}