{
  "bolusiob": 0, 
  "iob": 0.9877069623586768, 
  "activity": 0.01068853689594356
}