{
  "bolusiob": 0, 
  "iob": 0.7536513552952314, 
  "activity": 0.012190114585537915
}