{
  "bolusiob": 0.0021178559999999627, 
  "iob": 1.799188885763667, 
  "activity": 0.03323717813051146
}