{
  "bolusiob": 0, 
  "iob": -0.4760368193464463, 
  "activity": 0.0013239437918871248
}