{
  "bolusiob": 0.9608222349599999, 
  "iob": 2.9705288339778084, 
  "activity": 0.032207918165784825
}