{
  "bolusiob": 1.8313280711111113, 
  "iob": 4.111173998242961, 
  "activity": 0.024475741481481482
}