{
  "bolusiob": 0, 
  "iob": 2.310306356606666, 
  "activity": 0.053689999999999995
}