{
  "bolusiob": 0.6225343778133335, 
  "iob": 3.0068772224123608, 
  "activity": 0.04072750440917108
}