{
  "bolusiob": 0, 
  "iob": 0.6849778091333333, 
  "activity": 0.023469135802469128
}