{
  "bolusiob": 0.8910063948799999, 
  "iob": 2.360190668242978, 
  "activity": 0.01644585564373896
}