{
  "bolusiob": 0, 
  "iob": 0.26914041578176323, 
  "activity": 0.0008777873368606704
}