{
  "bolusiob": 1.0953987551111113, 
  "iob": 2.6970650902499997, 
  "activity": 0.01802962962962962
}