{
  "bolusiob": 0, 
  "iob": 1.8579478629618749, 
  "activity": 0.031209920634920636
}