{
  "bolusiob": 0, 
  "iob": 1.1783223615491665, 
  "activity": 0.04096450617283949
}