{
  "bolusiob": 0, 
  "iob": 0.5768749889257634, 
  "activity": 0.010054735449735442
}