{
  "bolusiob": 0, 
  "iob": 0.10277763872332764, 
  "activity": 0.0016725492416225748
}