{
  "bolusiob": 0, 
  "iob": 0.2767266085644504, 
  "activity": 0.001913668342151675
}