{
  "bolusiob": 0, 
  "iob": -0.16748839130355556, 
  "activity": -0.0001675837742504409
}