{
  "bolusiob": 0, 
  "iob": 0.8883346306060577, 
  "activity": 0.01316793546737213
}