{
  "bolusiob": 0, 
  "iob": 1.064836136391306, 
  "activity": 0.030888297001763668
}