{
  "bolusiob": 0, 
  "iob": -0.32723547568605554, 
  "activity": -0.0018383597883597882
}