{
  "bolusiob": 0, 
  "iob": 0.006200877152972205, 
  "activity": 0.0049495855379188694
}