{
  "bolusiob": 0, 
  "iob": -0.3558633821094889, 
  "activity": -0.0033786158906525567
}