{
  "bolusiob": 3.696232, 
  "iob": 3.9960071876505547, 
  "activity": 0.012790476190476187
}