{
  "bolusiob": 0, 
  "iob": 0.3203654719999999, 
  "activity": 0.017788359788359784
}