{
  "bolusiob": 0, 
  "iob": 0.11193990522666719, 
  "activity": 0.01597396825396825
}