{
  "bolusiob": 0, 
  "iob": 1.5898200920999999, 
  "activity": 0.033230264550264545
}