{
  "bolusiob": 3.9467661867199997, 
  "iob": 3.867725297650555, 
  "activity": 0.0019394003527336843
}