{
  "bolusiob": 0, 
  "iob": 0.35276395881333333, 
  "activity": 0.014253298059964722
}