{
  "bolusiob": 0, 
  "iob": 0.3212056966245322, 
  "activity": 0.004692654444444444
}