{
  "bolusiob": 0, 
  "iob": 0.5262475522647574, 
  "activity": 0.016939973544973536
}