{
  "bolusiob": 0, 
  "iob": 1.8682192996058342, 
  "activity": 0.04580352426807758
}