{
  "bolusiob": 0, 
  "iob": 0.5335437342666667, 
  "activity": 0.006596296296296296
}