{
  "bolusiob": -0.0007846463999998665, 
  "iob": 1.8505979739374865, 
  "activity": 0.04282407416225749
}