{
  "bolusiob": 0, 
  "iob": 0.9937375771500003, 
  "activity": 0.03197619047619047
}