{
  "bolusiob": 0, 
  "iob": 0.7781691108541354, 
  "activity": 0.012610379506172833
}