{
  "bolusiob": 0, 
  "iob": 1.9752566101733333, 
  "activity": 0.026914955908289222
}