{
  "bolusiob": 0, 
  "iob": 1.2286076709834555, 
  "activity": 0.026837796031746023
}