{
  "bolusiob": 0, 
  "iob": 0.9319397754519143, 
  "activity": 0.006484692345679009
}