{
  "bolusiob": 0, 
  "iob": -0.29171230000000004, 
  "activity": -0.0006666666666666665
}