{
  "bolusiob": 0, 
  "iob": -0.45833371631716674, 
  "activity": -0.0034468430335097
}