{
  "bolusiob": 0, 
  "iob": -0.014671834293333137, 
  "activity": 0.010283597883597883
}