{
  "bolusiob": 0, 
  "iob": 0.5838414373411406, 
  "activity": 0.008021975308641974
}