{
  "bolusiob": 3.5049377897777774, 
  "iob": 3.790120457337778, 
  "activity": 0.009080776014109344
}