{
  "bolusiob": 0, 
  "iob": 0.9342080839466667, 
  "activity": 0.021698271604938275
}