{
  "bolusiob": 0, 
  "iob": 0.6367043972513889, 
  "activity": 0.025990185185185182
}