{
  "bolusiob": 0, 
  "iob": 0.5448458840000001, 
  "activity": 0.0006518518518518517
}