{
  "bolusiob": 0, 
  "iob": 0.5478853668780247, 
  "activity": 0.009683359770723102
}