{
  "bolusiob": 0, 
  "iob": 0.5497461415837014, 
  "activity": 0.007410679012345677
}