{
  "bolusiob": 0, 
  "iob": 0.8560877396157501, 
  "activity": 0.01786086596119929
}