{
  "bolusiob": 0, 
  "iob": 0.4671840438596459, 
  "activity": 0.009460909788359787
}