{
  "bolusiob": 0, 
  "iob": 0.258977606605326, 
  "activity": 0.0018126454144620809
}