{
  "bolusiob": 0, 
  "iob": 0.8595185256015337, 
  "activity": 0.004907857513227506
}