{
  "bolusiob": 2.47889432192, 
  "iob": 3.567761572553333, 
  "activity": 0.018521199294532616
}