{
  "bolusiob": 0, 
  "iob": -0.07615495030144442, 
  "activity": 0.0002162081128747797
}