{
  "bolusiob": 0, 
  "iob": 0.30763919617333335, 
  "activity": 0.005303068783068784
}