{
  "bolusiob": 0, 
  "iob": 0.5543557305340975, 
  "activity": 0.013868333333333335
}