{
  "bolusiob": 0, 
  "iob": 0.5208855935278125, 
  "activity": 0.005925
}