{
  "bolusiob": 0, 
  "iob": 0.47556268342073654, 
  "activity": -0.0005774772134038799
}