{
  "bolusiob": 0, 
  "iob": 1.242879420311007, 
  "activity": 0.021470247901234564
}