{
  "bolusiob": 0, 
  "iob": 0.4695954429131111, 
  "activity": 0.009141022927689592
}