{
  "bolusiob": 0, 
  "iob": -0.3177441800027112, 
  "activity": -0.003935441287477954
}