{
  "bolusiob": 0.7832109757333333, 
  "iob": 3.425402601789697, 
  "activity": 0.03802738169312168
}