{
  "bolusiob": 0, 
  "iob": 0.03536501895500001, 
  "activity": 0.0020478835978835976
}