{
  "bolusiob": 0, 
  "iob": 1.3941968999914445, 
  "activity": 0.028278183421516754
}