{
  "bolusiob": 0, 
  "iob": 0.7411033377866659, 
  "activity": 0.006423456790123445
}