{
  "bolusiob": 0, 
  "iob": 0.061583677797777146, 
  "activity": -0.000943386243386257
}