{
  "bolusiob": 0.002053187933333367, 
  "iob": 1.1090312700333331, 
  "activity": 0.017661728395061724
}