{
  "bolusiob": 0.008180822399999732, 
  "iob": 2.003606057890006, 
  "activity": 0.04447142865961198
}