{
  "bolusiob": 0, 
  "iob": 1.1409792098823437, 
  "activity": 0.013403237319223986
}