{
  "bolusiob": 0, 
  "iob": 0.5743932851218785, 
  "activity": 0.0088213668430335
}