{
  "bolusiob": 0.21109633693333338, 
  "iob": 1.7442032446444442, 
  "activity": 0.022276543209876525
}