{
  "bolusiob": 0, 
  "iob": 0.047152905160000085, 
  "activity": 0.011069065255731923
}