{
  "bolusiob": 0, 
  "iob": 1.0386579630786268, 
  "activity": 0.011527654938271601
}