{
  "bolusiob": 0.6662592654444445, 
  "iob": 1.77096531554, 
  "activity": 0.02928234567901234
}