{
  "bolusiob": 0.22364650026666666, 
  "iob": 2.985021452427406, 
  "activity": 0.04409328998236331
}