{
  "bolusiob": 0, 
  "iob": 0.1004837570609401, 
  "activity": 0.003559019223985889
}