{
  "bolusiob": 0, 
  "iob": 1.4121531038951065, 
  "activity": 0.007759877037037034
}