{
  "bolusiob": 0, 
  "iob": 0.5304905862448612, 
  "activity": 0.007236904761904762
}