{
  "bolusiob": 0, 
  "iob": 0.6560389497666667, 
  "activity": 0.004198148148148147
}