{
  "bolusiob": 0, 
  "iob": 0.5375601573236013, 
  "activity": 0.005481235308641974
}