{
  "bolusiob": 0, 
  "iob": 0.9330265016870675, 
  "activity": 0.01231297989417989
}