{
  "bolusiob": 0, 
  "iob": 1.0495501911325877, 
  "activity": 0.012546245855379185
}