{
  "bolusiob": 0, 
  "iob": 0.18619633773597224, 
  "activity": 0.0060587213403880055
}