{
  "bolusiob": 2.4321531744000002, 
  "iob": 3.7109020356738887, 
  "activity": 0.022435961199294533
}