{
  "bolusiob": 0, 
  "iob": 0.5410715887865277, 
  "activity": 0.007603783068783069
}