{
  "bolusiob": 0, 
  "iob": 0.8005731535577612, 
  "activity": 0.013601451781305111
}