{
  "bolusiob": 0, 
  "iob": 0.12903747439103072, 
  "activity": 0.006375963668430333
}