{
  "bolusiob": 3.2512594155555554, 
  "iob": 5.406364474027532, 
  "activity": 0.04026408273368605
}