{
  "bolusiob": 0, 
  "iob": -0.3371148089321778, 
  "activity": -0.0036906088359788362
}