{
  "bolusiob": 0.8620597708800003, 
  "iob": 3.1924670927145837, 
  "activity": 0.037425141093474425
}