{
  "bolusiob": 0, 
  "iob": 1.7167597369659002, 
  "activity": 0.03736970590828923
}