{
  "bolusiob": 0, 
  "iob": 1.2989805117008888, 
  "activity": 0.02609999999999999
}