{
  "bolusiob": 0.3951392614399999, 
  "iob": 2.375474312752361, 
  "activity": 0.041419973544973544
}