{
  "bolusiob": 0, 
  "iob": 0.32275535041532777, 
  "activity": 0.0005407855731922396
}