{
  "bolusiob": 0, 
  "iob": 1.448108383595889, 
  "activity": 0.02938908289241622
}