{
  "bolusiob": 1.62309173248, 
  "iob": 3.6641890497618745, 
  "activity": 0.030682513227513215
}