{
  "bolusiob": 0, 
  "iob": 0.617649086271111, 
  "activity": 0.007668298059964726
}