{
  "bolusiob": 0, 
  "iob": -0.23354662138457372, 
  "activity": -0.0046511196649029985
}