{
  "bolusiob": 0, 
  "iob": 0.2146372046337055, 
  "activity": 0.0011689337213403876
}