{
  "bolusiob": 1.8361603786400005, 
  "iob": 3.541611352259584, 
  "activity": 0.026490449735449728
}