{
  "bolusiob": 0, 
  "iob": 0.4872697832333333, 
  "activity": 0.015600881834215161
}