{
  "bolusiob": 0, 
  "iob": -0.2508933681741842, 
  "activity": 0.006211199100529097
}