{
  "bolusiob": 0.09379204899999996, 
  "iob": 1.4118891312266666, 
  "activity": 0.023983738977072306
}