{
  "bolusiob": 0, 
  "iob": 0.1467191834933334, 
  "activity": 0.003435185185185174
}