{
  "bolusiob": 0, 
  "iob": 1.1792154256956018, 
  "activity": 0.015034921746031745
}