{
  "bolusiob": 0, 
  "iob": 1.9973019675533334, 
  "activity": 0.025869876543209845
}