{
  "bolusiob": -5.063050666667124e-05, 
  "iob": 0.6274772364094383, 
  "activity": 0.019250440564373895
}