{
  "bolusiob": 0, 
  "iob": 1.1504073534505015, 
  "activity": 0.012171118077601416
}