{
  "bolusiob": 0, 
  "iob": 1.2226128042178794, 
  "activity": 0.01992479816578482
}