{
  "bolusiob": 0, 
  "iob": 0.2688392870809501, 
  "activity": 0.006944358289241621
}