{
  "bolusiob": 0, 
  "iob": 1.9759032557699705, 
  "activity": 0.020483447901234554
}