{
  "bolusiob": 0, 
  "iob": 1.342710682092977, 
  "activity": 0.027426349929453267
}