{
  "bolusiob": 1.3307137506, 
  "iob": 3.3345101839800004, 
  "activity": 0.03145361552028219
}