{
  "bolusiob": 0, 
  "iob": 0.9682717623555556, 
  "activity": 0.0024395061728395054
}