{
  "bolusiob": 1.3037478889244445, 
  "iob": 2.504093647146666, 
  "activity": 0.019164938271604946
}