{
  "bolusiob": 2.2246210094622225, 
  "iob": 4.292279743665551, 
  "activity": 0.03755191278659611
}