{
  "bolusiob": 0, 
  "iob": 0.9801285572443444, 
  "activity": 0.010232201975308643
}