{
  "bolusiob": 0, 
  "iob": 0.6164217261257636, 
  "activity": 0.011349973544973534
}