{
  "bolusiob": 0.7359622189511112, 
  "iob": 2.4520954124894234, 
  "activity": 0.024774806049382713
}