{
  "bolusiob": 1.972437136711111, 
  "iob": 4.153611230830001, 
  "activity": 0.02339527336860668
}