{
  "bolusiob": 0, 
  "iob": 0.84339117158432, 
  "activity": 0.03477895044091711
}