{
  "bolusiob": 0, 
  "iob": 0.6109320673371745, 
  "activity": 0.008416128730158729
}