{
  "bolusiob": 0, 
  "iob": 1.0745546458981123, 
  "activity": 0.0038901329453262783
}