{
  "bolusiob": 0, 
  "iob": 0.5078435085316666, 
  "activity": 0.014483747795414456
}