{"iob":0.3377363582633334,"activity":0.009162786596119929,"bolusiob":0}
