{
  "bolusiob": 0.4980305546, 
  "iob": 1.8118740811311114, 
  "activity": 0.026449999999999998
}