{
  "bolusiob": 0, 
  "iob": 0.8797261274277965, 
  "activity": 0.012384074303350973
}