{
  "bolusiob": 0, 
  "iob": 0.5536740532461111, 
  "activity": 0.006979761904761904
}