{
  "bolusiob": 0, 
  "iob": -0.43967633429050007, 
  "activity": -0.0037650264550264548
}