{
  "bolusiob": 0, 
  "iob": 0.5731000117585275, 
  "activity": 0.012490061728395058
}