{
  "bolusiob": 0, 
  "iob": 0.647795873421587, 
  "activity": 0.010933809259259263
}