{
  "bolusiob": 0, 
  "iob": 0.6569383281676878, 
  "activity": 0.01285037848324515
}