{
  "bolusiob": 0, 
  "iob": 1.359548625918211, 
  "activity": 0.028548377918871253
}