{
  "bolusiob": 0.17761613599999995, 
  "iob": 2.6011046038373244, 
  "activity": 0.03047860701940034
}