{
  "bolusiob": 0, 
  "iob": -0.3467691836268138, 
  "activity": -0.004152437830687829
}