{
  "bolusiob": 0, 
  "iob": 2.0749839822072795, 
  "activity": 0.04858099666666666
}