{
  "bolusiob": 0, 
  "iob": 0.16459197709999998, 
  "activity": 0.005267195767195766
}