{
  "bolusiob": 0.13701751784000024, 
  "iob": 1.9873285599576398, 
  "activity": 0.04511132275132274
}