{
  "bolusiob": 1.09786175488, 
  "iob": 1.1014481518400003, 
  "activity": 0.0027623280423280383
}