{
  "bolusiob": 0, 
  "iob": 1.5454666744491843, 
  "activity": 0.022522557336860653
}