{"iob":0.6912696827911113,"activity":0.011141234567901233,"bolusiob":0.09640574005333345}
