{
  "bolusiob": 0, 
  "iob": 0.8069217118831555, 
  "activity": 0.036746701287477965
}