{
  "bolusiob": 0, 
  "iob": 0.956741300948889, 
  "activity": 0.018219276895943555
}