{
  "bolusiob": 1.870341425333334, 
  "iob": 3.713025144965911, 
  "activity": 0.02976437345679012
}