{
  "bolusiob": 0, 
  "iob": -0.37436328667555563, 
  "activity": -0.0015254320987654318
}