{
  "bolusiob": 0, 
  "iob": 0.5575723230666668, 
  "activity": 0.006196296296296296
}