{
  "bolusiob": 0, 
  "iob": 0.8147882300482008, 
  "activity": 0.004191711375661374
}