{
  "bolusiob": 0.07469270535999972, 
  "iob": 2.0615963791857754, 
  "activity": 0.04124118192239859
}