{
  "bolusiob": 0, 
  "iob": 2.2526380018533336, 
  "activity": 0.05758308641975308
}