{
  "bolusiob": 0, 
  "iob": 0.6821417772386767, 
  "activity": 0.004707161234567901
}