{
  "bolusiob": 0, 
  "iob": 0.9308349994297654, 
  "activity": 0.012331886419753083
}