{
  "bolusiob": 0, 
  "iob": -0.11527648573994421, 
  "activity": 0.0009001585361552026
}