{
  "bolusiob": 0, 
  "iob": 0.08010563425, 
  "activity": 0.0015325396825396822
}