{
  "bolusiob": 0, 
  "iob": 1.6453222917778347, 
  "activity": 0.031695274356261016
}