{
  "bolusiob": 0, 
  "iob": -0.3657748609217585, 
  "activity": -0.0003962175132275139
}