{
  "bolusiob": 0, 
  "iob": 0.22554714721063598, 
  "activity": 0.007625978659611991
}