{
  "bolusiob": 0, 
  "iob": 1.1402635928866665, 
  "activity": 0.038920282186948846
}