{
  "bolusiob": 0, 
  "iob": 1.4121568866711383, 
  "activity": 0.007759477777777778
}