{
  "bolusiob": 3.686094667999999, 
  "iob": 3.825035783693333, 
  "activity": 0.0066596119929453225
}