{
  "bolusiob": 0, 
  "iob": 0.6169775027088897, 
  "activity": 0.007366640405643737
}