{
  "bolusiob": 0, 
  "iob": 1.3733571308430284, 
  "activity": 0.022064992045855384
}