{
  "bolusiob": 1.2518455957333336, 
  "iob": 4.452308037962486, 
  "activity": 0.053087566507936466
}