{
  "bolusiob": 0, 
  "iob": 0.5720987160993103, 
  "activity": 0.009893273562610223
}