{
  "bolusiob": 0, 
  "iob": 0.1819886149410108, 
  "activity": 0.005626630599647265
}