{
  "bolusiob": 0, 
  "iob": 0.5787164576783332, 
  "activity": 0.017687857142857137
}