{
  "bolusiob": 0, 
  "iob": 0.4247448076181458, 
  "activity": 0.006176604938271603
}