{
  "bolusiob": 3.83217568688, 
  "iob": 3.8506785678533326, 
  "activity": 0.004282469135802467
}