{
  "bolusiob": 0.024859611333333295, 
  "iob": 2.1726312983318756, 
  "activity": 0.04594637566137566
}