{
  "bolusiob": 0, 
  "iob": 0.8942063188947197, 
  "activity": 0.041828553068783046
}