{
  "bolusiob": 0.14674813568, 
  "iob": 2.1268473038177778, 
  "activity": 0.02557714285714285
}