{
  "bolusiob": 0, 
  "iob": 0.8770421810599996, 
  "activity": 0.022685978835978823
}