{
  "bolusiob": 0, 
  "iob": -0.353527792580238, 
  "activity": 0.001798905626102292
}