{
  "bolusiob": 0, 
  "iob": 0.16738384779731585, 
  "activity": 0.0026608728395061724
}