{
  "bolusiob": 0, 
  "iob": 1.2486707403060042, 
  "activity": 0.013194779594356259
}