{
  "bolusiob": 0, 
  "iob": -0.34351924649911114, 
  "activity": -0.007073104056437389
}