{
  "bolusiob": 0.3344062877333335, 
  "iob": 3.0605597131419993, 
  "activity": 0.04272803425044092
}