{
  "bolusiob": 0, 
  "iob": 0.3462705827969099, 
  "activity": 0.004664083015873016
}