{
  "bolusiob": 0, 
  "iob": 0.204741927525, 
  "activity": 0.00586111111111111
}