{
  "bolusiob": 0.007609118733332754, 
  "iob": 2.4462781978782573, 
  "activity": 0.05919017610229276
}