{
  "bolusiob": 0, 
  "iob": 1.2032970463597437, 
  "activity": 0.016453122804232802
}