{
  "bolusiob": 0, 
  "iob": -0.027367140506666644, 
  "activity": 0.009041728395061729
}