{
  "bolusiob": 0, 
  "iob": 0.8990046409856388, 
  "activity": 0.0047479022222222216
}