{
  "bolusiob": 0, 
  "iob": 0.9898733703607963, 
  "activity": 0.008141085396825396
}