{
  "bolusiob": 0, 
  "iob": 0.6994729956064443, 
  "activity": 0.0196542504409171
}