{
  "bolusiob": 2.1535364663333336, 
  "iob": 3.490736342827777, 
  "activity": 0.020850617283950608
}