{
  "bolusiob": 0, 
  "iob": 0.6857550305666668, 
  "activity": 0.0033870370370370374
}