{
  "bolusiob": 0.5995184306133333, 
  "iob": 2.268324256783333, 
  "activity": 0.042612804232804224
}