{
  "bolusiob": 0, 
  "iob": 0.6683705376455557, 
  "activity": 0.0043052292768959435
}