{
  "bolusiob": 0, 
  "iob": 0.07039873982666635, 
  "activity": 0.00494412698412697
}