{
  "bolusiob": 0, 
  "iob": 0.8440554086400002, 
  "activity": 0.030577777777777773
}