{
  "bolusiob": 0, 
  "iob": 1.5271969625625883, 
  "activity": 0.01686599604938271
}