{
  "bolusiob": 1.3991092988444445, 
  "iob": 3.819956795233279, 
  "activity": 0.03182508902998239
}