{
  "bolusiob": 1.289984384, 
  "iob": 3.0686758134088894, 
  "activity": 0.03746754850088182
}