{
  "bolusiob": 0.4626542933333335, 
  "iob": 3.1721571893584044, 
  "activity": 0.04130272560846559
}