{
  "bolusiob": 0, 
  "iob": 1.1943256010839303, 
  "activity": 0.01679484225749558
}