{
  "bolusiob": 0, 
  "iob": 0.9681279007466668, 
  "activity": 0.01739901234567901
}