{
  "bolusiob": 0, 
  "iob": 1.0572287039736334, 
  "activity": 0.015456842892416224
}