{
  "bolusiob": 0, 
  "iob": -0.3243070443670818, 
  "activity": -0.004078888536155203
}