{
  "bolusiob": 0, 
  "iob": 1.2138595791319462, 
  "activity": 0.028933655661375658
}