{
  "bolusiob": 0.9800114077333334, 
  "iob": 3.569319564676667, 
  "activity": 0.036088722081128774
}