{
  "bolusiob": 0.06911712426666639, 
  "iob": 2.693523120033371, 
  "activity": 0.06282242858906525
}