{
  "bolusiob": 4.6981291064888895, 
  "iob": 5.971649031452316, 
  "activity": 0.03303879151675483
}