{
  "bolusiob": 0, 
  "iob": 0.01513870206718803, 
  "activity": 0.0011893295414462076
}