{
  "bolusiob": 0.11482719624000011, 
  "iob": 2.2570718264794443, 
  "activity": 0.03417045855379187
}