{
  "bolusiob": 0, 
  "iob": 0.39739736424759037, 
  "activity": 0.006312336860670191
}