{
  "bolusiob": 0, 
  "iob": 0.6163240979116668, 
  "activity": 0.005454188712522047
}