{
  "bolusiob": 0, 
  "iob": 0.9526898823794913, 
  "activity": 0.013259865114638447
}