{
  "bolusiob": 0, 
  "iob": 0.6189912405138485, 
  "activity": 0.0105167988712522
}