{
  "bolusiob": 0, 
  "iob": 0.5581139885672223, 
  "activity": 0.0030389241622574953
}