{
  "bolusiob": 0, 
  "iob": 0.10676276762409195, 
  "activity": 0.006670828747795414
}