{
  "bolusiob": 0.031049631999999838, 
  "iob": 2.1488416815718754, 
  "activity": 0.04621415343915343
}