{
  "bolusiob": 0, 
  "iob": 0.44988864581343524, 
  "activity": 0.012227936155202823
}