{
  "bolusiob": 0, 
  "iob": 0.13257384663333335, 
  "activity": 0.004738977072310405
}