{
  "bolusiob": 0, 
  "iob": 1.0270753018682504, 
  "activity": 0.01214740767195767
}