{
  "bolusiob": 0, 
  "iob": 1.4408462555430614, 
  "activity": 0.02644381051146384
}