{
  "bolusiob": 0, 
  "iob": 0.5231673852127778, 
  "activity": 0.0024240388007054675
}