{
  "bolusiob": 0, 
  "iob": 0.4556516614011119, 
  "activity": 0.0037039512345679003
}