{
  "bolusiob": 0, 
  "iob": 1.1314168472958734, 
  "activity": 0.015517795273368605
}