{
  "bolusiob": 0, 
  "iob": 1.9377664274766668, 
  "activity": 0.048049805996472655
}