{
  "bolusiob": 0, 
  "iob": 0.6241419946666663, 
  "activity": 0.025298059964726626
}