{
  "bolusiob": 0, 
  "iob": 0.3374232302767225, 
  "activity": 0.006931737037037035
}