{
  "bolusiob": 0, 
  "iob": 1.1145967250992268, 
  "activity": 0.012653968306878307
}