{
  "bolusiob": 0, 
  "iob": 0.6415554537233333, 
  "activity": 0.008895343915343915
}