{
  "bolusiob": 0, 
  "iob": 1.8980124696502088, 
  "activity": 0.03065016754850088
}