{
  "bolusiob": 0, 
  "iob": 0.4289823640514161, 
  "activity": 0.007313422910052903
}