{
  "bolusiob": 0, 
  "iob": 1.8103213591108753, 
  "activity": 0.043663702804232804
}