{
  "bolusiob": 0, 
  "iob": 1.3631042445275787, 
  "activity": 0.03445608492063491
}