{
  "bolusiob": 0, 
  "iob": 0.5283424585840405, 
  "activity": 0.009331991992945324
}