{
  "bolusiob": 0, 
  "iob": 1.3307958751954798, 
  "activity": 0.015079464056437387
}