{
  "bolusiob": 0, 
  "iob": -0.06487853113555556, 
  "activity": -0.0023427865961199294
}