{
  "bolusiob": 0, 
  "iob": -0.03687828966536109, 
  "activity": 0.004065731922398588
}