{
  "bolusiob": 0, 
  "iob": 1.5579480767238258, 
  "activity": 0.04852324037037036
}