{
  "bolusiob": 0, 
  "iob": 1.227944483701821, 
  "activity": 0.011719872010582012
}