{
  "bolusiob": 0, 
  "iob": -0.03553777869422224, 
  "activity": -0.003718201058201058
}