{
  "bolusiob": 0, 
  "iob": 0.29908696118176037, 
  "activity": 0.009798218641975307
}