{
  "bolusiob": 0, 
  "iob": 0.8669829850722699, 
  "activity": 0.004213457777777777
}