{
  "bolusiob": 0, 
  "iob": 0.05047352752, 
  "activity": 0.0012994708994708993
}