{
  "bolusiob": 0, 
  "iob": 0.34163176506681747, 
  "activity": 0.007572262345679014
}