{
  "bolusiob": 0, 
  "iob": 1.5387643474219947, 
  "activity": 0.02994670292768959
}