{
  "bolusiob": 4.295306759822223, 
  "iob": 5.794780871337413, 
  "activity": 0.035384752786596085
}