{
  "bolusiob": 0.014472521066666855, 
  "iob": 2.632040441663267, 
  "activity": 0.058361393298059956
}