{
  "bolusiob": 0, 
  "iob": -0.3979046741477222, 
  "activity": -0.004251234567901234
}