{
  "bolusiob": 0, 
  "iob": 2.034356866171999, 
  "activity": 0.042996480582010575
}