{
  "bolusiob": 0, 
  "iob": 0.6145373040513158, 
  "activity": 0.01038425828924162
}