{
  "bolusiob": 0, 
  "iob": 0.294508633125, 
  "activity": 0.007003968253968254
}