{
  "bolusiob": 0, 
  "iob": 0.3707447160981458, 
  "activity": 0.006476552028218693
}