{
  "bolusiob": 0, 
  "iob": 0.27366581397333334, 
  "activity": 0.01587019400352733
}