{
  "bolusiob": 5.418450431288889, 
  "iob": 6.391874759075498, 
  "activity": 0.026925341975308634
}