{
  "bolusiob": 0, 
  "iob": 0.5865708044916668, 
  "activity": 0.005904594356261023
}