{
  "bolusiob": 0, 
  "iob": 0.595794689188908, 
  "activity": 0.010293447954144618
}