{
  "bolusiob": 0, 
  "iob": 0.4037633166894344, 
  "activity": 0.0048544533862433905
}