{
  "bolusiob": 0.20922181112, 
  "iob": 1.8668773906397775, 
  "activity": 0.02349858906525574
}