{
  "bolusiob": 0, 
  "iob": -0.30743126957985445, 
  "activity": 0.002390296895943562
}