{
  "bolusiob": 0.23502122376000015, 
  "iob": 2.2661110864029173, 
  "activity": 0.03294662204585539
}