{
  "bolusiob": 0, 
  "iob": 0.06122202875533317, 
  "activity": 0.024808641975308635
}