{
  "bolusiob": 0, 
  "iob": 0.563499756307981, 
  "activity": 0.008251887125220458
}