{
  "bolusiob": 2.1722327513599997, 
  "iob": 3.730149999913233, 
  "activity": 0.03074674523809523
}