{
  "bolusiob": 0.3665544842666669, 
  "iob": 3.4420931878278136, 
  "activity": 0.06418319719576723
}