{
  "bolusiob": 0, 
  "iob": 0.6394133565794446, 
  "activity": 0.0036638888888888906
}