{
  "bolusiob": 0, 
  "iob": 1.1103903672655218, 
  "activity": 0.013581941146384476
}