{
  "bolusiob": 2.0884006756666667, 
  "iob": 4.11124544035052, 
  "activity": 0.029991320194003517
}