{
  "bolusiob": 1.3791424796799998, 
  "iob": 2.410892688246666, 
  "activity": 0.020560264550264537
}