{
  "bolusiob": 0.48223793781333335, 
  "iob": 2.1923456674233335, 
  "activity": 0.03366677248677245
}