{
  "bolusiob": 0, 
  "iob": 1.2480173228041778, 
  "activity": 0.05106943490299823
}