{
  "bolusiob": 0, 
  "iob": 0.20120933310370231, 
  "activity": 0.005107989294532627
}