{
  "bolusiob": 0.1954988561066666, 
  "iob": 1.611423786222222, 
  "activity": 0.025954409171075832
}