{
  "bolusiob": 0, 
  "iob": 0.3750301820748121, 
  "activity": 0.00018420708994709007
}