{
  "bolusiob": 0, 
  "iob": -0.43151606381600727, 
  "activity": 9.556368606701974e-05
}