{
  "bolusiob": 0.33602576970666675, 
  "iob": 1.7513658393484173, 
  "activity": 0.025861368571428563
}