{
  "bolusiob": 0.49023425209333327, 
  "iob": 2.666616845693699, 
  "activity": 0.023600600493827173
}