{
  "bolusiob": 0, 
  "iob": 0.427421988125, 
  "activity": 0.007594444444444444
}