{
  "bolusiob": 0.020233021013333997, 
  "iob": 2.4303322470018065, 
  "activity": 0.045233412698412696
}