{
  "bolusiob": 0, 
  "iob": 0.298546797825, 
  "activity": 0.006950917107583774
}