{
  "bolusiob": 0, 
  "iob": 0.07258949415666664, 
  "activity": 0.0031906525573192224
}