{
  "bolusiob": 0, 
  "iob": 0.5483374305056913, 
  "activity": 0.022090749664902997
}