{
  "bolusiob": 0, 
  "iob": 0.7365235025158838, 
  "activity": 0.030096660317460337
}