{
  "bolusiob": 0, 
  "iob": 1.051997490560977, 
  "activity": 0.046764990458553736
}