{
  "bolusiob": 0, 
  "iob": 0.5236436699567633, 
  "activity": -0.0010128564021164017
}