{
  "bolusiob": 0, 
  "iob": 0.4819295482250001, 
  "activity": 0.0072592063492063486
}