{
  "bolusiob": 0, 
  "iob": 0.3948250852831458, 
  "activity": 0.006652848324514989
}