{
  "bolusiob": 0, 
  "iob": 0.7219699831464276, 
  "activity": 0.011972037142857142
}