{
  "bolusiob": 0, 
  "iob": -0.008102408939444444, 
  "activity": 0.001153774250440917
}