{
  "bolusiob": 0, 
  "iob": -0.36939169641096453, 
  "activity": -0.0031351591005291004
}