{
  "bolusiob": 0, 
  "iob": -0.019194405361249993, 
  "activity": 0.005327980599647264
}