{
  "bolusiob": 0, 
  "iob": 1.6557683128572225, 
  "activity": 0.03939624338624338
}