{
  "bolusiob": 0, 
  "iob": -0.41938021558772226, 
  "activity": -0.004017407407407407
}