{
  "bolusiob": 0, 
  "iob": 0.6550253394886282, 
  "activity": 0.03194141075837741
}