{
  "bolusiob": 0, 
  "iob": 0.15917994704453658, 
  "activity": 0.0014327961552028218
}