{
  "bolusiob": 0, 
  "iob": 1.0949624453544684, 
  "activity": 0.005304832716049383
}