{
  "bolusiob": 0.004562180186666608, 
  "iob": 1.2703915037336666, 
  "activity": 0.02617421516754849
}