{
  "bolusiob": 0, 
  "iob": -0.3943418130041111, 
  "activity": -0.007003086419753086
}