{
  "bolusiob": 2.7692417631288895, 
  "iob": 3.6609767775664444, 
  "activity": 0.016413862433862426
}