{
  "bolusiob": 0, 
  "iob": 0.15612567315102263, 
  "activity": 0.002216895855379188
}