{
  "bolusiob": 0, 
  "iob": 0.7345789542819987, 
  "activity": 0.02728869440917107
}