{
  "bolusiob": -0.00012054570666680808, 
  "iob": 0.9539584987444447, 
  "activity": 0.02227137566137566
}