{
  "bolusiob": 0, 
  "iob": 1.4930106037222226, 
  "activity": 0.037410414462081126
}