{
  "bolusiob": 0, 
  "iob": 0.8336233789693969, 
  "activity": 0.007567028201058199
}