{
  "bolusiob": 1.4962557017599998, 
  "iob": 2.7539290641144447, 
  "activity": 0.017125555555555547
}