{
  "bolusiob": 0, 
  "iob": 0.6633957709583336, 
  "activity": 0.019638333333333327
}