{
  "bolusiob": 0, 
  "iob": -0.6385789565153996, 
  "activity": -0.003112126119929453
}