{
  "bolusiob": 0.39922955833333346, 
  "iob": 2.624003970916937, 
  "activity": 0.025376510476190457
}