{
  "bolusiob": 0.16476675071999988, 
  "iob": 2.6239525797723613, 
  "activity": 0.0487524074074074
}