{
  "bolusiob": 0, 
  "iob": 0.37249466085000005, 
  "activity": 0.007603968253968252
}