{
  "bolusiob": 0, 
  "iob": 0.45487652177500004, 
  "activity": 0.007467460317460317
}