{
  "bolusiob": 0, 
  "iob": -0.39920220160588893, 
  "activity": -0.0030075661375661374
}