{
  "bolusiob": 2.6039155333333333, 
  "iob": 3.761912210249584, 
  "activity": 0.02098505291005291
}