{
  "bolusiob": 0, 
  "iob": -0.26111240705963396, 
  "activity": -0.0034374228042328035
}