{
  "bolusiob": 0, 
  "iob": 0.42593402687020304, 
  "activity": -0.00018259195767195773
}