{
  "bolusiob": 0.7243866666666666, 
  "iob": 3.099035248810459, 
  "activity": 0.039933677777777773
}