{
  "bolusiob": 0, 
  "iob": -0.10194199936366669, 
  "activity": -0.003634215167548501
}