{
  "bolusiob": 0, 
  "iob": 0.9416893953871386, 
  "activity": 0.012324260317460315
}