{
  "bolusiob": 0, 
  "iob": 0.5559415732329982, 
  "activity": 0.00976486772486772
}