{
  "bolusiob": 0, 
  "iob": 0.6196853956663055, 
  "activity": 0.013345723104056434
}