{
  "bolusiob": 0, 
  "iob": 0.5739654216948611, 
  "activity": 0.007122125220458553
}