{
  "bolusiob": 0, 
  "iob": 1.2851410898186912, 
  "activity": 0.02357095312169312
}