{
  "bolusiob": 1.8759120459200003, 
  "iob": 3.685914199429584, 
  "activity": 0.027394241622574953
}