{
  "bolusiob": 0, 
  "iob": 1.3874341611183334, 
  "activity": 0.03018209876543209
}