{
  "bolusiob": 0, 
  "iob": 0.2859646793999996, 
  "activity": 0.01773015873015872
}