{
  "bolusiob": 0, 
  "iob": 1.2530956088286724, 
  "activity": 0.030446682010582007
}