{
  "bolusiob": 0, 
  "iob": -0.36520206492416735, 
  "activity": 0.0021626151322751324
}