{
  "bolusiob": 1.3984536540799999, 
  "iob": 2.311511320575555, 
  "activity": 0.021564462081128746
}