{
  "bolusiob": 0, 
  "iob": -0.3672424613685556, 
  "activity": -0.0066106172839506165
}