{
  "bolusiob": 0, 
  "iob": 1.0574592184358154, 
  "activity": 0.008786481728395064
}