{
  "bolusiob": 0, 
  "iob": 0.8897434252025381, 
  "activity": 0.01510363275132275
}