{
  "bolusiob": 0, 
  "iob": 0.9387360900086785, 
  "activity": 0.008508889876543208
}