{
  "bolusiob": 0, 
  "iob": 0.1109493209266667, 
  "activity": 0.004209171075837742
}