{
  "bolusiob": 0, 
  "iob": 0.48535302703722233, 
  "activity": 0.0018362786596119928
}