{
  "bolusiob": 0, 
  "iob": -0.4059041509017645, 
  "activity": 0.001422362292768959
}