{
  "bolusiob": 0, 
  "iob": 1.0278388483530334, 
  "activity": 0.02538436481481481
}