{
  "bolusiob": 2.1288960000065418e-05, 
  "iob": 1.6819947258358887, 
  "activity": 0.03240638447971781
}