{
  "bolusiob": 0, 
  "iob": 0.11731761731474076, 
  "activity": 0.004050704673721339
}