{
  "bolusiob": 3.2963357119999994, 
  "iob": 3.747420652043333, 
  "activity": 0.011446913580246909
}