{
  "bolusiob": 0, 
  "iob": 1.0704184403266996, 
  "activity": 0.0044606880246913574
}