{
  "bolusiob": 0, 
  "iob": 0.5680395560627778, 
  "activity": 0.007198985890652557
}