{
  "bolusiob": 0, 
  "iob": -0.21802738045333336, 
  "activity": -0.00019825396825396834
}