{
  "bolusiob": 0, 
  "iob": -0.12792114259892456, 
  "activity": 0.005052485873015873
}