{
  "bolusiob": 0, 
  "iob": 0.43925923515000015, 
  "activity": 0.02167460317460318
}