{
  "bolusiob": 0, 
  "iob": 1.4547925400706716, 
  "activity": 0.015622679982363311
}