{
  "bolusiob": 0.8259127408, 
  "iob": 1.7229968011466665, 
  "activity": 0.032738271604938265
}