{
  "bolusiob": 0, 
  "iob": -0.2789897939597878, 
  "activity": 0.002417980070546736
}