{
  "bolusiob": 0, 
  "iob": 0.5727397960503682, 
  "activity": 0.007279744268077601
}