{
  "bolusiob": 0.6684195093333324, 
  "iob": 4.40125254825295, 
  "activity": 0.06951530151675485
}