{
  "bolusiob": 3.810996413155556, 
  "iob": 5.605717504426473, 
  "activity": 0.03782313035273368
}