{
  "bolusiob": 0, 
  "iob": 0.5387958401772224, 
  "activity": 0.006767821869488535
}