{
  "bolusiob": 0, 
  "iob": 0.3597522612039619, 
  "activity": 0.021857160229276886
}