{
  "bolusiob": 0.020649701106666574, 
  "iob": 1.1709671696016668, 
  "activity": 0.024274779541446197
}