{
  "bolusiob": 0, 
  "iob": 0.9690935118888894, 
  "activity": 0.009929453262786592
}