{
  "bolusiob": 0, 
  "iob": 1.8261763883155557, 
  "activity": 0.04099463844797177
}