{
  "bolusiob": 0, 
  "iob": 0.8499224547747882, 
  "activity": 0.014479823227513223
}