{
  "bolusiob": 0, 
  "iob": 1.3437258976895883, 
  "activity": 0.026649065908289225
}