{
  "bolusiob": 0, 
  "iob": 0.850935518826889, 
  "activity": 0.013588218342151674
}