{
  "bolusiob": 0, 
  "iob": 1.4054595889933332, 
  "activity": 0.03228717813051146
}