{
  "bolusiob": 0, 
  "iob": -0.4655687094206432, 
  "activity": -0.0023336426631393294
}