{
  "bolusiob": 0, 
  "iob": 1.072434620716472, 
  "activity": 0.0265217352733686
}