{
  "bolusiob": 0, 
  "iob": -0.30664040476522225, 
  "activity": -0.005042980599647265
}