{
  "bolusiob": 0, 
  "iob": 1.6217990827022228, 
  "activity": 0.03792186948853615
}