{
  "bolusiob": 0, 
  "iob": 0.1852088770733334, 
  "activity": 0.005894003527336862
}