{
  "bolusiob": 0, 
  "iob": 0.6366857134017815, 
  "activity": 0.010513664814814814
}