{
  "bolusiob": 0, 
  "iob": 0.6984467865666667, 
  "activity": 0.002979629629629629
}