{
  "bolusiob": 0.38924506382666674, 
  "iob": 1.902371590685556, 
  "activity": 0.0281367901234568
}