{
  "bolusiob": 0, 
  "iob": 0.722780119516667, 
  "activity": 0.005245414462081133
}