{
  "bolusiob": 0, 
  "iob": 1.256190934092, 
  "activity": 0.025039506172839503
}