{
  "bolusiob": 0, 
  "iob": 1.160436812813045, 
  "activity": 0.006327266666666667
}