{
  "bolusiob": 0, 
  "iob": 0.3412471291304833, 
  "activity": 0.004495053033509699
}