{
  "bolusiob": 0.6324288011377779, 
  "iob": 2.19166830752393, 
  "activity": 0.02590238982363315
}