{
  "bolusiob": 0, 
  "iob": -0.4755326790168889, 
  "activity": -0.006042892416225749
}