{
  "bolusiob": 0, 
  "iob": 0.39878845582245387, 
  "activity": 0.010580811234567899
}