{
  "bolusiob": 1.32259625456, 
  "iob": 2.7274519488, 
  "activity": 0.01751950617283951
}