{
  "bolusiob": 0, 
  "iob": -0.11980666147055556, 
  "activity": 0.0006379894179894179
}