{
  "bolusiob": 0, 
  "iob": 0.541110417462755, 
  "activity": 0.010683774250440916
}