{
  "bolusiob": 0, 
  "iob": 1.4170745277906522, 
  "activity": 0.03320838218694884
}