{
  "bolusiob": 0, 
  "iob": -0.5809517403271017, 
  "activity": 0.0013428123633156962
}