{
  "bolusiob": 0, 
  "iob": 0.5201209236644445, 
  "activity": -0.0014122927689594353
}