{
  "bolusiob": 1.717554525511111, 
  "iob": 3.976950445972665, 
  "activity": 0.02708494783068785
}