{
  "bolusiob": 0, 
  "iob": 0.013360267491666657, 
  "activity": 0.0010612874779541445
}