{
  "bolusiob": 0.3872272264533333, 
  "iob": 2.0132603371333326, 
  "activity": 0.0309616931216931
}