{
  "bolusiob": 0, 
  "iob": -0.6105703499513335, 
  "activity": 0.0050264197530864125
}