{
  "bolusiob": 1.68470633216, 
  "iob": 2.7994146184899997, 
  "activity": 0.016652592592592583
}