{
  "bolusiob": 0, 
  "iob": -0.42026815948855556, 
  "activity": -0.006364144620811285
}