{
  "bolusiob": 0, 
  "iob": 1.1041063865282723, 
  "activity": 0.009301871005291007
}