{
  "bolusiob": 0, 
  "iob": -0.4441413473757779, 
  "activity": -0.004002818342151668
}