{
  "bolusiob": 4.2685414336711105, 
  "iob": 6.3566259037487995, 
  "activity": 0.031737619523809504
}