{
  "bolusiob": 0.27038581176000037, 
  "iob": 3.4903040194400012, 
  "activity": 0.06829185185185184
}