{
  "bolusiob": 0, 
  "iob": 0.8517356262662406, 
  "activity": 0.013612954514991182
}