{
  "bolusiob": 0, 
  "iob": 0.5937397986077778, 
  "activity": 0.007463483245149911
}