{
  "bolusiob": 0.08373059071999998, 
  "iob": 1.613679264245333, 
  "activity": 0.026675784832451487
}