{
  "bolusiob": 0, 
  "iob": 0.7521599199408248, 
  "activity": 0.013520088395061728
}