{
  "bolusiob": 0.09461732112000014, 
  "iob": 1.9016830162800005, 
  "activity": 0.039028571428571426
}