{
  "bolusiob": 0, 
  "iob": 0.18176773461221787, 
  "activity": 0.005038430211640212
}