{
  "bolusiob": 0, 
  "iob": 0.30273155451029377, 
  "activity": 0.005899117724867724
}