{
  "bolusiob": 0, 
  "iob": 1.8922371910791123, 
  "activity": 0.03903357089947089
}