{
  "bolusiob": 0, 
  "iob": 0.837137948756021, 
  "activity": 0.0035466676543209875
}