{
  "bolusiob": 0, 
  "iob": 1.1980526456057692, 
  "activity": 0.009731067001763665
}