{
  "bolusiob": 0, 
  "iob": 1.0665933066272224, 
  "activity": 0.02947992063492063
}