{
  "bolusiob": 0, 
  "iob": 1.4255153053907827, 
  "activity": 0.015857318430335096
}