{
  "bolusiob": 0, 
  "iob": 1.9456584777300001, 
  "activity": 0.04719523809523809
}