{
  "bolusiob": 0.018676958879999452, 
  "iob": 1.67531594172, 
  "activity": 0.03669206349206349
}