{
  "bolusiob": 0.9196953356800003, 
  "iob": 3.2417514198149866, 
  "activity": 0.037738757054673715
}