{
  "bolusiob": 0, 
  "iob": 0.5081641109888889, 
  "activity": 0.006971322751322751
}