{
  "bolusiob": 0, 
  "iob": 0.6056393137970347, 
  "activity": 0.007803183421516753
}