{
  "bolusiob": 0, 
  "iob": 1.007852630798299, 
  "activity": 0.011713720634920636
}