{
  "bolusiob": 0, 
  "iob": 0.29497358058666673, 
  "activity": 0.008582716049382716
}