{
  "bolusiob": 0, 
  "iob": 0.07696157108833333, 
  "activity": -0.0005143915343915344
}