{
  "bolusiob": 0, 
  "iob": 0.3289816427038342, 
  "activity": 0.010304161992945328
}