{
  "bolusiob": 0, 
  "iob": -0.24629600000000001, 
  "activity": -0.0003703703703703703
}