{
  "bolusiob": 0, 
  "iob": 0.8467927596088893, 
  "activity": 0.01953382716049382
}