{
  "bolusiob": 0, 
  "iob": -0.46038013522466675, 
  "activity": -0.001881188712522051
}