{
  "bolusiob": 0, 
  "iob": 2.089327974927039, 
  "activity": 0.04098900312169313
}