{
  "bolusiob": 0.5202731746666672, 
  "iob": 2.9112914238173615, 
  "activity": 0.04219589947089947
}