{
  "bolusiob": 0, 
  "iob": 0.832269652527338, 
  "activity": 0.014252627460317462
}