{
  "bolusiob": 0, 
  "iob": -0.4207767334796671, 
  "activity": -0.006036807760141108
}