{
  "bolusiob": 0, 
  "iob": 0.1363428701356508, 
  "activity": 0.004574778747795412
}