{
  "bolusiob": 0, 
  "iob": 1.7990233921680672, 
  "activity": 0.059662504056437374
}