{
  "bolusiob": 0, 
  "iob": -0.16286825881111228, 
  "activity": 0.0032811723104056428
}