{
  "bolusiob": 0, 
  "iob": 0.20479251417623126, 
  "activity": 0.00898093469135802
}