{
  "bolusiob": 0, 
  "iob": 0.09925212947555556, 
  "activity": 9.728395061728394e-05
}