{
  "bolusiob": 0, 
  "iob": 0.6056119608588888, 
  "activity": 0.007577081128747794
}