{
  "bolusiob": 0, 
  "iob": 1.4929399439050002, 
  "activity": 0.03762513227513227
}