{
  "bolusiob": 0, 
  "iob": -0.0913876811500046, 
  "activity": 0.0006407582716049381
}