{
  "bolusiob": 0, 
  "iob": 0.7241655044807204, 
  "activity": 0.011524417813051139
}