{
  "bolusiob": 0, 
  "iob": 0.9401589626369811, 
  "activity": 0.007433334320987654
}