{
  "bolusiob": -0.0008712330000003376, 
  "iob": 2.0998842892500003, 
  "activity": 0.048976190476190465
}