{
  "bolusiob": 0, 
  "iob": 0.335936530860242, 
  "activity": 0.007505170035273368
}