{
  "bolusiob": 4.2388591104, 
  "iob": 4.212636943029445, 
  "activity": 0.006324708994708992
}