{
  "bolusiob": 0, 
  "iob": -0.19834314524000002, 
  "activity": -0.00022296296296296295
}