{
  "bolusiob": 0, 
  "iob": 1.3457128636364448, 
  "activity": 0.027188024691358028
}