{
  "bolusiob": 0.1386117277333334, 
  "iob": 2.9134962120475536, 
  "activity": 0.0453396666313933
}