{
  "bolusiob": 0, 
  "iob": 1.1462372484130843, 
  "activity": 0.01081204682539682
}