{
  "bolusiob": 0, 
  "iob": -0.5778161856086809, 
  "activity": 3.367707231041322e-06
}