{
  "bolusiob": 0, 
  "iob": 1.8828111577331375, 
  "activity": 0.023983167178130496
}