{
  "bolusiob": 0, 
  "iob": -0.3991764664374445, 
  "activity": -0.005137019400352732
}