{
  "bolusiob": 0, 
  "iob": -0.18774076631752734, 
  "activity": -0.004541772134038801
}