{
  "bolusiob": 0, 
  "iob": -0.5546592604235551, 
  "activity": 0.010784567901234565
}