{
  "bolusiob": 0, 
  "iob": 0.7024560627856951, 
  "activity": 0.013337778765432096
}