{
  "bolusiob": 0, 
  "iob": -0.41773410004633327, 
  "activity": -0.005163809523809524
}