{
  "bolusiob": 0, 
  "iob": 1.268943606708241, 
  "activity": 0.013294040740740743
}