{
  "bolusiob": 0, 
  "iob": -0.5535342615758023, 
  "activity": -0.0009746747442680782
}