{
  "bolusiob": 0, 
  "iob": -0.5042201175296667, 
  "activity": -0.005848747795414462
}