{
  "bolusiob": 0, 
  "iob": 0.49454095201944437, 
  "activity": 0.0012804232804232802
}