{
  "bolusiob": 0, 
  "iob": 0.8811933315111107, 
  "activity": 0.018443209876543205
}