{
  "bolusiob": 0, 
  "iob": 1.188744211139485, 
  "activity": 0.004363211746031745
}