{
  "bolusiob": 0.07066206600000016, 
  "iob": 2.174371316802556, 
  "activity": 0.0353317107583774
}