{
  "bolusiob": 0, 
  "iob": 0.1896249988702062, 
  "activity": 0.007118835802469134
}