{
  "bolusiob": 0, 
  "iob": 0.9812582277305517, 
  "activity": 0.010005600388007053
}