{
  "bolusiob": 0, 
  "iob": -0.5186758223007786, 
  "activity": 0.00023053262786595704
}