{
  "bolusiob": 0, 
  "iob": 1.6863834861112728, 
  "activity": 0.03542578966490298
}