{
  "bolusiob": 0.3019959906799998, 
  "iob": 3.0040899256683335, 
  "activity": 0.05397920634920633
}