{
  "bolusiob": 0, 
  "iob": -0.2918606714766345, 
  "activity": 0.001109373368606701
}