{
  "bolusiob": 0.7785333744, 
  "iob": 3.016225990532222, 
  "activity": 0.037530264550264536
}