{
  "bolusiob": 0, 
  "iob": -0.07006638532500001, 
  "activity": -0.00026571428571428563
}