{
  "bolusiob": 0, 
  "iob": 1.092852727622972, 
  "activity": 0.021920679012345675
}