{
  "bolusiob": 0, 
  "iob": 0.1533031339609336, 
  "activity": 0.0006933330687830682
}