{
  "bolusiob": 0, 
  "iob": 0.9277156090116653, 
  "activity": 0.005334075061728396
}