{
  "bolusiob": 0, 
  "iob": 0.17839921458333338, 
  "activity": 0.006741622574955908
}