{
  "bolusiob": 0, 
  "iob": -0.6244772021185466, 
  "activity": -0.0037022848500881836
}