{
  "bolusiob": 1.0259852657600002, 
  "iob": 2.6751919774855555, 
  "activity": 0.033052839506172826
}