{
  "bolusiob": 0, 
  "iob": -0.37538814882402244, 
  "activity": -0.0043177186067019395
}