{
  "bolusiob": 0, 
  "iob": 1.8616809884814003, 
  "activity": 0.02151055548500882
}