{
  "bolusiob": 0, 
  "iob": 1.3386234700709465, 
  "activity": 0.013652939858906525
}