{
  "bolusiob": 0, 
  "iob": 0.41522523337500006, 
  "activity": -0.0017704585537918873
}