{
  "bolusiob": 0, 
  "iob": -0.6248138391657099, 
  "activity": -0.000688087319223985
}