{
  "bolusiob": 0.3132881989733333, 
  "iob": 2.6195314033340575, 
  "activity": 0.02719117296296295
}