{
  "bolusiob": 0, 
  "iob": -0.016742088332027755, 
  "activity": 0.0045207671957671934
}