{
  "bolusiob": 0, 
  "iob": 0.898289929688889, 
  "activity": 0.004980246913580247
}