{
  "bolusiob": 0, 
  "iob": -0.32722692076970733, 
  "activity": -0.0013113583950617284
}