{
  "bolusiob": 0, 
  "iob": 2.1021346260125755, 
  "activity": 0.05270868611992945
}