{
  "bolusiob": 0, 
  "iob": 0.2086649074535577, 
  "activity": 0.006143433350970017
}