{
  "bolusiob": 0.6769002350933334, 
  "iob": 2.2474792135000006, 
  "activity": 0.030432010582010578
}