{
  "bolusiob": 0, 
  "iob": 0.286041435412, 
  "activity": 0.007608483245149911
}