{
  "bolusiob": 0, 
  "iob": 0.014044956119999652, 
  "activity": 0.004323809523809517
}