{
  "bolusiob": 1.2146047352711111, 
  "iob": 2.7121322004455557, 
  "activity": 0.017766172839506163
}