{
  "bolusiob": 0, 
  "iob": 0.9519678061025831, 
  "activity": 0.012061516049382714
}