{
  "bolusiob": 0, 
  "iob": 0.31954265514999997, 
  "activity": 0.007278888888888887
}