{
  "bolusiob": 0, 
  "iob": -0.4215755302347055, 
  "activity": 0.0018020691534391532
}