{
  "bolusiob": 0, 
  "iob": 1.2067282389594716, 
  "activity": 0.015408102857142855
}