{
  "bolusiob": 3.6411330111822227, 
  "iob": 4.4732270130993665, 
  "activity": 0.01629043320987655
}