{
  "bolusiob": 0, 
  "iob": 1.6651160845000001, 
  "activity": 0.04149735449735449
}