{
  "bolusiob": 0.3466095300266666, 
  "iob": 3.022264945547896, 
  "activity": 0.05132585564373897
}