{
  "bolusiob": 0, 
  "iob": 0.23410653678618376, 
  "activity": 0.002014761816578483
}