{
  "bolusiob": 0, 
  "iob": -0.1759748192, 
  "activity": -0.002229629629629629
}