{
  "bolusiob": 0, 
  "iob": 1.7555928600334976, 
  "activity": 0.039389623862433866
}