{
  "bolusiob": 0, 
  "iob": 0.8209706196718787, 
  "activity": 0.0018949216225749555
}