{
  "bolusiob": 0, 
  "iob": 0.8742312864224168, 
  "activity": 0.019175017636684305
}