{
  "bolusiob": 0, 
  "iob": 0.7039052116499321, 
  "activity": 0.013104487830687829
}