{
  "bolusiob": 2.7900732901333334, 
  "iob": 4.572690800246108, 
  "activity": 0.033255951587301574
}