{
  "bolusiob": 0, 
  "iob": 1.2236653204368608, 
  "activity": 0.022918315696649025
}