{
  "bolusiob": 0, 
  "iob": 0.7931130705247778, 
  "activity": 0.021529643738977065
}