{
  "bolusiob": 0.010468501119999352, 
  "iob": 2.1975480172800004, 
  "activity": 0.04905185185185184
}