{
  "bolusiob": 0, 
  "iob": 1.0410897978466669, 
  "activity": 0.014357407407407404
}