{
  "bolusiob": 0, 
  "iob": -0.3070633124737947, 
  "activity": -0.004647133174603174
}