{
  "bolusiob": 0, 
  "iob": -0.18532999142222223, 
  "activity": -0.0020753086419753085
}