{
  "bolusiob": 0, 
  "iob": -0.1411813945756622, 
  "activity": 0.00529817192239859
}