{
  "bolusiob": 0.026579539999999957, 
  "iob": 2.6530103604190076, 
  "activity": 0.044597152892416225
}