{
  "bolusiob": 0, 
  "iob": 0.9048434052582786, 
  "activity": 0.0059251861728395055
}