{
  "bolusiob": 0, 
  "iob": 0.6614197597664444, 
  "activity": 0.01837488536155203
}