{
  "bolusiob": 0, 
  "iob": 0.4938490410993055, 
  "activity": 0.007939462081128747
}