{
  "bolusiob": 0, 
  "iob": 0.5310924750620231, 
  "activity": 0.0015216055555555552
}