{
  "bolusiob": 0, 
  "iob": 1.609041489091196, 
  "activity": 0.015071710176366838
}