{
  "bolusiob": 0, 
  "iob": 0.5801607966666668, 
  "activity": 0.005796296296296296
}