{
  "bolusiob": 0, 
  "iob": 0.2387175516461111, 
  "activity": 0.00524195767195767
}