{
  "bolusiob": 0, 
  "iob": 1.567312852278088, 
  "activity": 0.021674565308641956
}