{
  "bolusiob": 0, 
  "iob": 0.18703294286284378, 
  "activity": 0.0047706521164021165
}