{
  "bolusiob": 0.32264695850666636, 
  "iob": 3.8041017559492833, 
  "activity": 0.07651720846560846
}