{
  "bolusiob": 0, 
  "iob": -0.34357457148411114, 
  "activity": -0.005056613756613756
}