{
  "bolusiob": 4.02986616752, 
  "iob": 3.8763038881127776, 
  "activity": -0.0003598589065255736
}