{
  "bolusiob": 0, 
  "iob": 0.13834922390956603, 
  "activity": 0.004203456349206348
}