{
  "bolusiob": 0, 
  "iob": -0.36899938820411116, 
  "activity": -0.007059770723104055
}