{
  "bolusiob": 0, 
  "iob": -0.024323234290289063, 
  "activity": 0.006122433439153441
}