{
  "bolusiob": 0, 
  "iob": 0.058453847808333334, 
  "activity": 0.002779982363315696
}