{
  "bolusiob": 0.5545732056533333, 
  "iob": 2.1775150540122223, 
  "activity": 0.0370047442680776
}