{
  "bolusiob": 0, 
  "iob": -0.14939321413383336, 
  "activity": -0.0007646772486772488
}