{
  "bolusiob": 0, 
  "iob": 1.8302172202938112, 
  "activity": 0.026200239911816574
}