{
  "bolusiob": 0, 
  "iob": 1.0573092089774807, 
  "activity": 0.006466729135802468
}