{
  "bolusiob": 0, 
  "iob": -0.11945395825777778, 
  "activity": -0.0002241975308641975
}