{
  "bolusiob": 0, 
  "iob": 0.6012145641666666, 
  "activity": 0.005398148148148148
}