{
  "bolusiob": 0.0073560876799996225, 
  "iob": 2.26081187392, 
  "activity": 0.050766137566137556
}