{
  "bolusiob": 0, 
  "iob": 0.45257665725147916, 
  "activity": 0.006068139329805995
}