{
  "bolusiob": 0, 
  "iob": -0.08928181126571169, 
  "activity": -0.000745420017636685
}