{
  "bolusiob": 0, 
  "iob": 0.11209811315333335, 
  "activity": 0.0012307407407407406
}