{
  "bolusiob": 0, 
  "iob": -0.31817727289911113, 
  "activity": -0.007042627865961198
}