{
  "bolusiob": 0, 
  "iob": 0.5009964074324268, 
  "activity": 0.01130649024691358
}