{
  "bolusiob": 0, 
  "iob": 0.44921777398503476, 
  "activity": 0.005799074074074071
}