{
  "bolusiob": 0, 
  "iob": 2.1933035291933334, 
  "activity": 0.04166283950617285
}