{
  "bolusiob": 0.014751133440000164, 
  "iob": 1.872798714104778, 
  "activity": 0.03400682539682538
}