{
  "bolusiob": 0, 
  "iob": 1.9106207622043938, 
  "activity": 0.05218954118165781
}