{
  "bolusiob": 0, 
  "iob": 1.0787541287205793, 
  "activity": 0.025587553333333325
}