{
  "bolusiob": 0, 
  "iob": 0.5804896185463053, 
  "activity": 0.011618262786596122
}