{
  "bolusiob": 0, 
  "iob": 0.44508072960000006, 
  "activity": 0.02180952380952381
}