{
  "bolusiob": 0, 
  "iob": 1.096752571073343, 
  "activity": 0.005113572169312169
}