{
  "bolusiob": 0, 
  "iob": -0.24890685430332435, 
  "activity": 0.0024910391887125226
}