{
  "bolusiob": 0, 
  "iob": 0.9525703553483685, 
  "activity": 0.01349693107583774
}