{
  "bolusiob": 0, 
  "iob": 0.3089306202177778, 
  "activity": -0.0020472839506172845
}