{
  "bolusiob": 0, 
  "iob": -0.16654183110799992, 
  "activity": 0.019521851851851835
}