{
  "bolusiob": 0, 
  "iob": 0.6434549352833334, 
  "activity": 0.004930837742504409
}