{
  "bolusiob": 0.9162619963200002, 
  "iob": 2.7488245780800007, 
  "activity": 0.02882666666666666
}