{
  "bolusiob": 0, 
  "iob": 1.1898014487411115, 
  "activity": 0.03956666666666667
}