{
  "bolusiob": 0, 
  "iob": 1.3241893596463659, 
  "activity": 0.019380644726631382
}