{
  "bolusiob": 0.5567201250000001, 
  "iob": 2.111265741085556, 
  "activity": 0.029547760141093487
}