{
  "bolusiob": 0, 
  "iob": -0.27191861509055554, 
  "activity": -0.0001672486772486774
}