{
  "bolusiob": 0, 
  "iob": 0.21925941970900148, 
  "activity": 0.007662530158730158
}