{
  "bolusiob": 0, 
  "iob": 0.0456009076465632, 
  "activity": 0.0018846480070546742
}