{
  "bolusiob": 0, 
  "iob": 1.6817283763700004, 
  "activity": 0.043975132275132264
}