{
  "bolusiob": 0, 
  "iob": 1.0808649579910108, 
  "activity": 0.027740446649029974
}