{
  "bolusiob": 0, 
  "iob": 1.5661239969536669, 
  "activity": 0.03141622574955908
}