{
  "bolusiob": 0, 
  "iob": 0.48792451772000006, 
  "activity": 0.02042169312169311
}