{
  "bolusiob": 0, 
  "iob": 0.28416083749305326, 
  "activity": 0.010324443544973534
}