{
  "bolusiob": 0, 
  "iob": 1.1415053325766673, 
  "activity": 0.03313456790123457
}