{
  "bolusiob": 2.78286530432, 
  "iob": 3.636077576011667, 
  "activity": 0.01618276895943562
}