{
  "bolusiob": 0.01333943093333334, 
  "iob": 1.2280007085333333, 
  "activity": 0.017376014109347436
}