{
  "bolusiob": 0, 
  "iob": -0.6503281094100575, 
  "activity": -0.002489586437389771
}