{
  "bolusiob": 0, 
  "iob": 0.12372899167506916, 
  "activity": 0.0026258463844797174
}