{
  "bolusiob": 0, 
  "iob": 0.36609415896833325, 
  "activity": 0.014029188712522043
}