{
  "bolusiob": 0, 
  "iob": 2.1947010455994445, 
  "activity": 0.05508755731922397
}