{
  "bolusiob": 1.2973993639822223, 
  "iob": 3.1065655047022225, 
  "activity": 0.038052451499118144
}