{
  "bolusiob": 0.8237991963066668, 
  "iob": 2.7085450334994454, 
  "activity": 0.01867462962962964
}