{
  "bolusiob": 0.4770155726933336, 
  "iob": 2.579826753151111, 
  "activity": 0.03914433862433861
}