{
  "bolusiob": 0, 
  "iob": -0.2212850615646393, 
  "activity": -0.0033525450617283947
}