{
  "bolusiob": 0.59251238116, 
  "iob": 2.6543780055438884, 
  "activity": 0.021802037037037026
}