{
  "bolusiob": 0, 
  "iob": 1.9000363289802085, 
  "activity": 0.029307733686066994
}