{
  "bolusiob": 0, 
  "iob": 0.7087035588499997, 
  "activity": 0.004061992945326267
}