{
  "bolusiob": 0, 
  "iob": 0.7149106349464469, 
  "activity": 0.011884311992945328
}